Tasks,Task Completation,Errors,Time on Task
Task 1,14,4,12.21428571
Task 2,11,0,10
Task 3,14,1,10.78571429
Task 4,14,2,6.785714286
Task 5,14,0,17.5
Task 6,14,2,16.07142857
Task 7,14,0,6.214285714
Task 8,14,1,7.857142857
Task 9,13,1,9.230769231
