Task ID,Task Completion,Errors,Time on Task
1,14,4,12.21428571
2,11,0,10
3,14,1,10.78571429
4,14,2,6.785714286
5,14,0,17.5
6,14,2,16.07142857
7,14,0,6.214285714
8,14,1,7.857142857
9,13,1,9.230769231
